{
    "name": "ESONO OYANA ANGELICA M.",
    "total_invest_brut": 500000,
    "total_parts_tx": 45.12828741340155,
    "total_parts_mov": 97.908272,
    "total_invest_mov": 1089000,
    "current_vl": "11303.62",
    "valuation": 1106717.90154464,
    "gains": 606717.9015446401
}